reviewer,date,rating,title,text,source
N/A,N/A,N/A,No Data,No pros/cons found,Momondo
553amela,N/A,N/A,No Title,"Un h√¥tel exceptionnel au c≈ìur de Tunis !|Je le recommande vivement √† toute personne de passage ou en mission dans le centre. Le personnel est d‚Äôune grande gentillesse et tr√®s professionnel. Un immense merci aux r√©ceptionnistes Saousen, ‚Ä¶",Google Maps
Sabrina Deleurme,N/A,N/A,No Title,"Bonjour,

Je vous √©cris pour vous faire part de mon immense d√©ception ‚Äì et pour √™tre ‚Ä¶",Google Maps
C‚Äôpas des lol,N/A,N/A,No Title,Une v√©ritable honte pour l‚Äôh√¥tellerie tunisienne. Cet √©tablissement n‚Äôa absolument rien d‚Äôun h√¥tel professionnel. L‚Äôambiance est indigne d‚Äôun lieu cens√© accueillir des voyageurs ‚Äî impossible d‚Äôy trouver le moindre calme ou repos. ‚Ä¶,Google Maps
BilelHachicha,N/A,N/A,No Title,Un v√©ritable sans-faute ‚Äì une r√©f√©rence √† Tunis !|Un h√¥tel et service de 7 √©toiles de Lux. |J‚Äôai s√©journ√© au Business H√¥tel de Tunis ‚Äì Montplaisir et je ne peux que recommander chaudement cet √©tablissement. Il coche absolument toutes les ‚Ä¶,Google Maps
Nabil,N/A,N/A,No Title,"Excellent s√©jour au Business H√¥tel !
J‚Äôai pass√© un s√©jour exceptionnel dans cet √©tablissement. L‚Äôemplacement est parfait, en plein c≈ìur de Tunis, ce qui facilite les d√©placements pour affaires ‚Ä¶",Google Maps
Joelle Levray,N/A,N/A,No Title,"Tr√®s bon h√¥tel, tr√®s propre, service impeccable, personnel tr√®s gentil. Restaurant au top ainsi que les petits d√©jeuner. Nous recommandons √† 100%",Google Maps
909melekz,N/A,N/A,No Title,"L‚Äôh√¥tel offre un cadre agr√©able, calme et propice √† la d√©tente. L‚Äôambiance y est chaleureuse, et le personnel dans l‚Äôensemble est accueillant. Le service est correct, la nourriture est bonne mais pourrait √™tre un peu plus vari√©e. Quelques ‚Ä¶",Google Maps
Bessem Bouzouita,N/A,N/A,No Title,"L‚Äôhotel est bon mais la,discoth√®que jusqu,√† 1h du matin .aussi aujourd‚Äôhui apr√®s deux nuitees √† l‚Äôhotel, la receptionniste m‚Äôa demande de payer une consommation de mini bar de lachambre malgr√© que je n‚Äôai rien consomme et elle a insist√© de payer et je n‚Äôai rien consomme",Google Maps
Travel50456288734,N/A,N/A,No Title,"J‚Äôai pass√© un excellent s√©jour au Business Hotel. L‚Äô√©tablissement est propre, bien entretenu, et parfaitement adapt√© aux s√©jours professionnels. Un grand merci √† tout le personnel pour leur gentillesse, leur professionnalisme et leur ‚Ä¶",Google Maps
Ines Driving,N/A,N/A,No Title,Tr√®s bon hotel propre et personnel tres gentille et serviable . Petit d√©jeuner a hauteur de 4 √©toiles. A refaire,Google Maps
watman01,N/A,N/A,No Title,"Tr√®s bel h√¥tel, propre et chaleureux. Le personnel est extraordinaire, tr√®s r√©actif, serviable et d une  grande gentillesse. |Nous avons √©t√© conquis par l ambiance g√©n√©rale. |Si il y a un point n√©gatif √† trouver c est le manque de lumi√®re ‚Ä¶",Google Maps
Narimane Khelidj,N/A,N/A,No Title,Magnifique h√¥tel et une √©quipe tr√®s professionnelle je recommande fortement üá©üáøüáπüá≥ ‚Ä¶,Google Maps
Samar Bacha,N/A,N/A,No Title,"Un h√¥tel sublime. Tr√®s pratique, la nourriture est d√©licieuse, le personnel est accueillant et chaleureux surtout Maroua et la fille de la r√©ception, les chambres sont tr√®s super et propres.‚ù§Ô∏è",Google Maps
stocklinn,N/A,N/A,No Title,"J‚Äôai r√©serv√© sur booking une suite 1 mois avant d‚Äôarriver, et garanti la r√©servation avec ma carte de cr√©dit.|Le jour j, je devais arriver √† l‚Äôh√¥tel pour 14h. A 10h, je re√ßois une notification booking de ma carte refus√©e pour le paiement, ‚Ä¶",Google Maps
CTPH France,N/A,N/A,No Title,"J'ai passer 4 jours dans cet h√¥tel, et franchement impeccable, l'h√¥tel est propre les chambres sont tr√®s sympa, le personnel est tr√®s pro et tr√®s sympa √©galement. On peux boire un verre sur le roof top a l'√©tage, j'ai bien appr√©cier mon ‚Ä¶",Google Maps
Vanessa,N/A,N/A,No Title,"Nous avons s√©journ√© en 1/2 pension dans cet h√¥tel...endroit propre et cuisine tr√®s copieuse. Pension sp√©ciale √† l'√©quipe : que ce soit le monsieur s√©curit√© üòâ Mohamed, la belle Oumaima, Mimi ...tous la pour nous aider au mieux. Merci √† eux! ‚Ä¶",Google Maps
Badreddine EL ABED,N/A,N/A,No Title,"Nous avons s√©journ√© plusieurs fois a l'h√¥tel business hotel tunis, c'est vraiment un tr√®s bel h√¥tel, pratique et bien situ√© par rapport √† nos besoin.
Merci a tte l'√©quipe qui s'est occup√© de nous durant notre s√©jour d√©but mars. ‚Ä¶",Google Maps
strimissa,N/A,N/A,No Title,"Tr√®s bel h√¥tel, chambres spacieuses et d'une propret√© impeccable, deux bars dont un au dernier √©tage o√π l'on peut boire un cocktail en regardant la vue, service impeccable... cet h√¥tel fr√¥le pratiquement la perfection, et je recommande ‚Ä¶",Google Maps
Fatma Jl,N/A,N/A,No Title,"J‚Äôai pass√© une semaine dans cet h√¥tel, j‚Äô√©tais tr√®s satisfaite, √âquipe chaleureuse commen√ßant par la r√©ception √† travers Oumaima, la r√©ceptionniste qui √©tait tr√®s accueillante d√©s notre arriv√©e, l‚Äô√©quipe de s√©curit√© aussi √©tait tr√®s ‚Ä¶",Google Maps
Sarah Angel,N/A,N/A,No Title,"‚ÄºÔ∏è‚ÄºÔ∏è√Ä toi qui cherche l‚Äôavis le plus honn√™te ‚ÄºÔ∏è‚ÄºÔ∏è

Belle entr√©e, une odeur de jasmin nous caresse les narinesüå∏üå∏. ‚Ä¶",Google Maps
Youssef Berrada,N/A,N/A,No Title,"Tout est bien seule inconv√©nient la musique qui tape aux oreilles jusqu'√† 2h00 du matin, malgr√© les maintes r√©clamations....",Google Maps
130abdellatifc,N/A,N/A,No Title,"Accueil chaleureux, personnels √† l'√©coute, services impeccables ( nourriture, boissons .... ) ‚ù§Ô∏è....................",Google Maps
Pauline Crista,N/A,N/A,No Title,"Horrible, passez votre chemin, discoth√®que dans l'h√¥tel, nous avons pass√© la pire nuit en Tunisie et tout simplement dans un h√¥tel et nous voyageons beaucoup !!! ‚Ä¶",Google Maps
lionel dumourier,N/A,N/A,No Title,Tr√®s bonne chambre personnelle au top mais trop bruyant la nuit pas aller dans cet h√¥tel pour vous reposer pas Grand chose a faire au alentour a pieds,Google Maps
Gr√©goire A,N/A,N/A,No Title,"Un h√¥tel avec une bo√Æte de nuit sur le toit‚Ä¶ Il y a du bruit tous les soirs, impossible de dormir avant 1H du matin. Probl√©matique pour un h√¥tel ¬´ business ¬ª. C‚Äôest dommage car les chambres sont biens, et le personnel agr√©able.",Google Maps
francoisandrieux,N/A,N/A,No Title,"Impeccable!||De l'accueil souriant de toute l'√©quipe au petit-d√©jeuner d√©licieux, copieux et tr√®s vari√©, ce fut un s√©jour encore une fois parfait! Propret√© de la chambre, d√©coration recherch√©e, une literie XXL pour un repos bien m√©rit√©. En prime le Luna Sky, le Bar Lounge Restaurant tr√®s tendance avec de la musique live!",Google Maps
Nadia Berjab,N/A,N/A,No Title,Hotel magnifique propre personnel tr√®s chaleureux la bouffe est vraiment d√©licieuse serveurs professionnels (riadh) merci pour le magnifique accueil et Mme sawssen au r√©ception vous √™tes adorable ü•∞ ‚Ä¶,Google Maps
Julien Pillias,N/A,N/A,No Title,"Chambre agr√©able et globalement propre. Bar au 6eme √©tage agr√©able.
Accueil agr√©able.
En revanche, un √©tablissement voisin, et un bar √† l'√©tage, avec musique √† fond ‚Ä¶",Google Maps
Anne-Sophie BONGAIN,N/A,N/A,No Title,"L'h√¥tel est de qualit√©, mais la pr√©sence d'une boite de nuit (roof top) ne permet de trouver le calme que l'on peut esp√©rer pour dormir.
C'est dommage !",Google Maps
Nasri Faouzi,N/A,N/A,No Title,Franchement une arnaque a ciel ouvert j‚Äôai s√©journ√© pendant 5 jours j‚Äôai voulu leur demander de l‚Äôavez mes habill√©s √† la machine ils me disent ( tout se passe bien ) jusqu‚Äô√† la fin de s√©jour il me demande de r√©gler 114 dinar pour pour la ‚Ä¶,Google Maps
Marion Ortega,N/A,N/A,No Title,"H√¥tel propre, d√©cor√© avec go√ªt.
Le personnel est tr√®s sympathique.
La literie est tr√®s confortable, le lit gigantesque. ‚Ä¶",Google Maps
filter man,N/A,N/A,No Title,"Cet h√¥tel devrait √™tre un 3 √©toiles plut√¥t que un 4 √©toiles. Dans la chambre les joint de douche sont crasseux, il y a des traces de doigts gras un peu partout sur les d√©co. La vue des chambres donne sur d autre appartement. Bruits de ‚Ä¶",Google Maps
Philippe MARENGO,N/A,N/A,No Title,"Vraiment le bon choix pour un sejour professionnel √† Tunis. Personnel tr√®s disponible et professionnel, chambres impeccables, tous les services n√©cessaires et une superbe qualit√© de restauration disponible au sein de l'√©tablissement. Nous ‚Ä¶",Google Maps
Imane B,N/A,N/A,No Title,"Positif :
Excellent petit d√©jeuner tr√®s vari√© et bon
H√¥tel propre avec un bon service ‚Ä¶",Google Maps
Audrey Phinoson,N/A,N/A,No Title,"Un tr√®s bel h√¥tel, confortable, propre, service de qualit√© ! Des mets succulents. Le plus le rooftop !!! Le moins un peu bruyant la nuit.
Il ne manque qu‚Äôune salle de sport pour parfaire les services de cet h√¥tel.",Google Maps
Nabil Boubaker,N/A,N/A,No Title,"Nous avons pass√© un excellent s√©jour dans la suite Hannibal, rien √† dire sur la chambre vraiment parfaite.
Je tiens √† remercier Saoussen √† l accueil pour sa disponibilit√© et son sourire ‚Ä¶",Google Maps
yassine ksibi,N/A,N/A,No Title,"Petit hotel de centre ville, bon emplacement et service tr√©s aimable.
Chambres propres , bon rapport qualit√© prix.  Les petits moins : pas de vue sur rue et bruits des sonos des deux bars de l'hotel les nuits du week-end. Je recommande, Difficile de trouver mieux pour ce prix.",Google Maps
Kate 2017,N/A,N/A,No Title,"Bonjour je vous d√©conseille cet h√¥tel et surtout si c'est un s√©jour professionnel! Premier soir, ils ont √©t√© obliger de me changer les draps, il y avait des t√¢ches de nourriture...Chambre tr√®s mal insonoris√©e! On demande un taxi pour se ‚Ä¶",Google Maps
Kati Seray,N/A,N/A,No Title,Je pense commencer par le positif alors pour les chambres je n‚Äôai rien √† dire c‚Äôest un 10/10 pour la r√©ception aussi personnel √† l‚Äô√©coute du client mais se pendants 2 point sont d√©plaisants ‚Ä¶,Google Maps
Ben yasmina,N/A,N/A,No Title,"Le business h√¥tel est un h√¥tel o√π l‚Äôon se sent comme chez soi.ce m√©rite revient au personnel chaleureux dynamique ,sympathique et surtout professionnel qui sont ‚Ä¶",Google Maps
Solianne ALLY,N/A,N/A,No Title,"Excellent h√¥tel, personnel disponible, souriant, agr√©able et tr√®s gentil.
Room service de qualit√©.
Chambre propre, lit tr√®s confortable. ‚Ä¶",Google Maps
Laurence Godard,N/A,N/A,No Title,"Un service irr√©prochable. Les collaboratrices et collaborateurs de cet √©tablissement sont tr√®s cordiaux et efficaces. La chambre est tr√®s confortable. Le lit est de haute qualit√© et le service de chambre est super.
Un √©tablissement que je recommande pour toutes leurs prestations.",Google Maps
Wiem Dhakouani,N/A,N/A,No Title,"Concernant The Luna Sky Lounge au 6 √®me
Belle endroit, ambiance tr√®s bonne, repas copieux et d√©licieux. Le b√©mol musique tr√®s forte donc pas pratique pour une soir√©e en groupe pour s‚Äôentendre parler. Les serveurs sont chaleureux, accueillant et a l‚Äô√©cou",Google Maps
eric bogneaux,N/A,N/A,No Title,Service parfait tr√®s belle accueil et personnel au top tr√®s tr√®s belle chambre √† recommander  monsieur eric!!,Google Maps
Rajaa Lagrioui,N/A,N/A,No Title,"Une r√©servation faite via h√¥tel beds, pay√©e et d√©bit√©e, a mon arriv√©e pas de resa, la cacophonie totale pour resolver la situation car l h√¥tel n avait rien a voir avec ce probl√®me (au passage site √† eviter car ce probl√®me m est arriv√© deux ‚Ä¶",Google Maps
Luiz Prado,N/A,N/A,No Title,"Un h√¥tel n'est pas compatible du tout avec una bo√Æte de nuit qui joue la musique tr√©s fort la nuit, au point que l'on peut √©couter d√©s les chambres!  Ils doivent choisir s'ils veulent √™tre un h√¥tel ou bien une bo√Æte de nuit sans aucune ‚Ä¶",Google Maps
rezkallahb2022,N/A,N/A,No Title,"H√¥tel bien situ√© , en plein centre de Tunis ,chambre/suite tr√®s propres et chaleureuse , petit d√©jeuner top et vari√©s(viennoiseries_crepes_fruits_yaourts....).||Nb: le point le plus fort c le personnels , ils sont au top et toujours √† l'√©coute  merci a eux",Google Maps
Lauriana Nouriah,N/A,N/A,No Title,"J‚Äôy suis √† l‚Äôinstant o√π j‚Äô√©cris ce commentaire , merci pour ce moment exceptionnel !!! Nous avons r√©server la suite et c‚Äôest sans regret , tout y est parfait pour passer un moment des plus agr√©able ! Merci infiniment , nous reviendrons tr√®s vite",Google Maps
Philippe Georgel,N/A,N/A,No Title,Catastrophique.... Une bo√Æte de nuit au 1er etage et les murs de l'h√¥tel en carton.... 3 plaintes √† la r√©ception et tout le personnel s'en fout.... Jamais vu ca dans un h√¥tel qui se pr√©tend business et qui pratique des tarifs ahurissants....,Google Maps
Ilam Zit,N/A,N/A,No Title,"Hotel pas tr√®s bien plac√©, les chambre ne correspondent pas au photo, nois avion pourtans pris chambre sup√©rieure mais la chambre n'est pas tr√®s propre, salle de baim nickel. Par contre tr√®s bon petit-d√©jeuner tout etais bon et neuf",Google Maps
Pierre Nicolas Roger,N/A,N/A,No Title,"Un passage d une nuit au business h√¥tel de Tunis, mais un passage r√©ussi, la literie est tr√®s confortable, identiques aux standards europ√©ens, les chambres sont bien √©quip√©es , mini bar , Nespresso ect... ‚Ä¶",Google Maps
Sabrina ARIOUAT,N/A,N/A,No Title,"voyage pro : tr√®s bel accueil, personnels chaleureux et gentils √† l‚Äô√©coute pour r√©pondre √† nos demandes, les plats sont tr√®s copieux. je rebondis par contre sur  le bruit la nuit, musique jusqu'√† minuit voir m√™me plus tard √† cause des ‚Ä¶",Google Maps
Solenza Calis,N/A,N/A,No Title,"Je mets 4√©toiles et pourtant j'adorais y mette 5, le d√©tail des points positifs : 5 √©toiles pour l'accueil. Pour le restaurant  menu au top üîù pour l'hygi√®ne pour la chambre extra... Le lit excellent... Le d√©tail de la douche en verre qui ‚Ä¶",Google Maps
C√©dric Zara,N/A,N/A,No Title,"Bonne h√¥tel simple propre mais tout les soir, on entend la musique de la bo√Æte de nuit qui se trouve au dernier √©tage de l‚Äôh√¥tel",Google Maps
Nasfi rim,N/A,N/A,No Title,On a pass√© une nuit√©e √† la  suite du 3√®me √©tage c'√©tait top!! Personnels serviables et souriants. Petit d√©jeuner vari√© et correct.,Google Maps
Koko Cinelle,N/A,N/A,No Title,"Cadre tr√®s moderne et chaleureux ! un petit b√©mol sur les environs. Pas touristique.
Mais l'h√¥tel est soigneusement d√©cor√© et propre. Le lounge est topissime üëçüòú ‚Ä¶",Google Maps
Sonia Ben mohamed,N/A,N/A,No Title,"H√¥tel au top !! Personnel tr√®s sympathique, chambres de grande classe , lit super confortable, propret√© irr√©prochable. Je recommande fortement cet √©tablissement !",Google Maps
wassim bouraoui,N/A,N/A,No Title,"Un accueil chaleureux et un service soign√©
Excellent h√¥tel Business",Google Maps
