date,rating,reviewer,sentiment_label,source,text,title
N/A,N/A,N/A,Neutral,Momondo,No pros/cons found,No Data
N/A,N/A,553amela,,Google Maps,"Un h√¥tel exceptionnel au c≈ìur de Tunis !|Je le recommande vivement √† toute personne de passage ou en mission dans le centre. Le personnel est d‚Äôune grande gentillesse et tr√®s professionnel. Un immense merci aux r√©ceptionnistes Saousen, ‚Ä¶",No Title (Google Maps)
N/A,N/A,Sabrina Deleurme,,Google Maps,"Bonjour,

Je vous √©cris pour vous faire part de mon immense d√©ception ‚Äì et pour √™tre ‚Ä¶",No Title (Google Maps)
N/A,N/A,C‚Äôpas des lol,,Google Maps,Une v√©ritable honte pour l‚Äôh√¥tellerie tunisienne. Cet √©tablissement n‚Äôa absolument rien d‚Äôun h√¥tel professionnel. L‚Äôambiance est indigne d‚Äôun lieu cens√© accueillir des voyageurs ‚Äî impossible d‚Äôy trouver le moindre calme ou repos. ‚Ä¶,No Title (Google Maps)
N/A,N/A,BilelHachicha,,Google Maps,Un v√©ritable sans-faute ‚Äì une r√©f√©rence √† Tunis !|Un h√¥tel et service de 7 √©toiles de Lux. |J‚Äôai s√©journ√© au Business H√¥tel de Tunis ‚Äì Montplaisir et je ne peux que recommander chaudement cet √©tablissement. Il coche absolument toutes les ‚Ä¶,No Title (Google Maps)
N/A,N/A,Nabil,,Google Maps,"Excellent s√©jour au Business H√¥tel !
J‚Äôai pass√© un s√©jour exceptionnel dans cet √©tablissement. L‚Äôemplacement est parfait, en plein c≈ìur de Tunis, ce qui facilite les d√©placements pour affaires ‚Ä¶",No Title (Google Maps)
N/A,N/A,Joelle Levray,,Google Maps,"Tr√®s bon h√¥tel, tr√®s propre, service impeccable, personnel tr√®s gentil. Restaurant au top ainsi que les petits d√©jeuner. Nous recommandons √† 100%",No Title (Google Maps)
N/A,N/A,909melekz,,Google Maps,"L‚Äôh√¥tel offre un cadre agr√©able, calme et propice √† la d√©tente. L‚Äôambiance y est chaleureuse, et le personnel dans l‚Äôensemble est accueillant. Le service est correct, la nourriture est bonne mais pourrait √™tre un peu plus vari√©e. Quelques ‚Ä¶",No Title (Google Maps)
N/A,N/A,Bessem Bouzouita,,Google Maps,"L‚Äôhotel est bon mais la,discoth√®que jusqu,√† 1h du matin .aussi aujourd‚Äôhui apr√®s deux nuitees √† l‚Äôhotel, la receptionniste m‚Äôa demande de payer une consommation de mini bar de lachambre malgr√© que je n‚Äôai rien consomme et elle a insist√© de payer et je n‚Äôai rien consomme",No Title (Google Maps)
N/A,N/A,Travel50456288734,,Google Maps,"J‚Äôai pass√© un excellent s√©jour au Business Hotel. L‚Äô√©tablissement est propre, bien entretenu, et parfaitement adapt√© aux s√©jours professionnels. Un grand merci √† tout le personnel pour leur gentillesse, leur professionnalisme et leur ‚Ä¶",No Title (Google Maps)
N/A,N/A,Ines Driving,,Google Maps,Tr√®s bon hotel propre et personnel tres gentille et serviable . Petit d√©jeuner a hauteur de 4 √©toiles. A refaire,No Title (Google Maps)
N/A,N/A,watman01,,Google Maps,"Tr√®s bel h√¥tel, propre et chaleureux. Le personnel est extraordinaire, tr√®s r√©actif, serviable et d une  grande gentillesse. |Nous avons √©t√© conquis par l ambiance g√©n√©rale. |Si il y a un point n√©gatif √† trouver c est le manque de lumi√®re ‚Ä¶",No Title (Google Maps)
N/A,N/A,Narimane Khelidj,,Google Maps,Magnifique h√¥tel et une √©quipe tr√®s professionnelle je recommande fortement üá©üáøüáπüá≥ ‚Ä¶,No Title (Google Maps)
N/A,N/A,Samar Bacha,,Google Maps,"Un h√¥tel sublime. Tr√®s pratique, la nourriture est d√©licieuse, le personnel est accueillant et chaleureux surtout Maroua et la fille de la r√©ception, les chambres sont tr√®s super et propres.‚ù§Ô∏è",No Title (Google Maps)
N/A,N/A,stocklinn,,Google Maps,"J‚Äôai r√©serv√© sur booking une suite 1 mois avant d‚Äôarriver, et garanti la r√©servation avec ma carte de cr√©dit.|Le jour j, je devais arriver √† l‚Äôh√¥tel pour 14h. A 10h, je re√ßois une notification booking de ma carte refus√©e pour le paiement, ‚Ä¶",No Title (Google Maps)
N/A,N/A,CTPH France,,Google Maps,"J'ai passer 4 jours dans cet h√¥tel, et franchement impeccable, l'h√¥tel est propre les chambres sont tr√®s sympa, le personnel est tr√®s pro et tr√®s sympa √©galement. On peux boire un verre sur le roof top a l'√©tage, j'ai bien appr√©cier mon ‚Ä¶",No Title (Google Maps)
N/A,N/A,Vanessa,,Google Maps,"Nous avons s√©journ√© en 1/2 pension dans cet h√¥tel...endroit propre et cuisine tr√®s copieuse. Pension sp√©ciale √† l'√©quipe : que ce soit le monsieur s√©curit√© üòâ Mohamed, la belle Oumaima, Mimi ...tous la pour nous aider au mieux. Merci √† eux! ‚Ä¶",No Title (Google Maps)
N/A,N/A,Badreddine EL ABED,,Google Maps,"Nous avons s√©journ√© plusieurs fois a l'h√¥tel business hotel tunis, c'est vraiment un tr√®s bel h√¥tel, pratique et bien situ√© par rapport √† nos besoin.
Merci a tte l'√©quipe qui s'est occup√© de nous durant notre s√©jour d√©but mars. ‚Ä¶",No Title (Google Maps)
N/A,N/A,strimissa,,Google Maps,"Tr√®s bel h√¥tel, chambres spacieuses et d'une propret√© impeccable, deux bars dont un au dernier √©tage o√π l'on peut boire un cocktail en regardant la vue, service impeccable... cet h√¥tel fr√¥le pratiquement la perfection, et je recommande ‚Ä¶",No Title (Google Maps)
N/A,N/A,Fatma Jl,,Google Maps,"J‚Äôai pass√© une semaine dans cet h√¥tel, j‚Äô√©tais tr√®s satisfaite, √âquipe chaleureuse commen√ßant par la r√©ception √† travers Oumaima, la r√©ceptionniste qui √©tait tr√®s accueillante d√©s notre arriv√©e, l‚Äô√©quipe de s√©curit√© aussi √©tait tr√®s ‚Ä¶",No Title (Google Maps)
N/A,N/A,Sarah Angel,,Google Maps,"‚ÄºÔ∏è‚ÄºÔ∏è√Ä toi qui cherche l‚Äôavis le plus honn√™te ‚ÄºÔ∏è‚ÄºÔ∏è

Belle entr√©e, une odeur de jasmin nous caresse les narinesüå∏üå∏. ‚Ä¶",No Title (Google Maps)
N/A,N/A,Youssef Berrada,,Google Maps,"Tout est bien seule inconv√©nient la musique qui tape aux oreilles jusqu'√† 2h00 du matin, malgr√© les maintes r√©clamations....",No Title (Google Maps)
N/A,N/A,130abdellatifc,,Google Maps,"Accueil chaleureux, personnels √† l'√©coute, services impeccables ( nourriture, boissons .... ) ‚ù§Ô∏è....................",No Title (Google Maps)
N/A,N/A,Pauline Crista,,Google Maps,"Horrible, passez votre chemin, discoth√®que dans l'h√¥tel, nous avons pass√© la pire nuit en Tunisie et tout simplement dans un h√¥tel et nous voyageons beaucoup !!! ‚Ä¶",No Title (Google Maps)
N/A,N/A,lionel dumourier,,Google Maps,Tr√®s bonne chambre personnelle au top mais trop bruyant la nuit pas aller dans cet h√¥tel pour vous reposer pas Grand chose a faire au alentour a pieds,No Title (Google Maps)
N/A,N/A,Gr√©goire A,,Google Maps,"Un h√¥tel avec une bo√Æte de nuit sur le toit‚Ä¶ Il y a du bruit tous les soirs, impossible de dormir avant 1H du matin. Probl√©matique pour un h√¥tel ¬´ business ¬ª. C‚Äôest dommage car les chambres sont biens, et le personnel agr√©able.",No Title (Google Maps)
N/A,N/A,francoisandrieux,,Google Maps,"Impeccable!||De l'accueil souriant de toute l'√©quipe au petit-d√©jeuner d√©licieux, copieux et tr√®s vari√©, ce fut un s√©jour encore une fois parfait! Propret√© de la chambre, d√©coration recherch√©e, une literie XXL pour un repos bien m√©rit√©. En prime le Luna Sky, le Bar Lounge Restaurant tr√®s tendance avec de la musique live!",No Title (Google Maps)
N/A,N/A,Nadia Berjab,,Google Maps,Hotel magnifique propre personnel tr√®s chaleureux la bouffe est vraiment d√©licieuse serveurs professionnels (riadh) merci pour le magnifique accueil et Mme sawssen au r√©ception vous √™tes adorable ü•∞ ‚Ä¶,No Title (Google Maps)
N/A,N/A,Julien Pillias,,Google Maps,"Chambre agr√©able et globalement propre. Bar au 6eme √©tage agr√©able.
Accueil agr√©able.
En revanche, un √©tablissement voisin, et un bar √† l'√©tage, avec musique √† fond ‚Ä¶",No Title (Google Maps)
N/A,N/A,Anne-Sophie BONGAIN,,Google Maps,"L'h√¥tel est de qualit√©, mais la pr√©sence d'une boite de nuit (roof top) ne permet de trouver le calme que l'on peut esp√©rer pour dormir.
C'est dommage !",No Title (Google Maps)
N/A,N/A,Nasri Faouzi,,Google Maps,Franchement une arnaque a ciel ouvert j‚Äôai s√©journ√© pendant 5 jours j‚Äôai voulu leur demander de l‚Äôavez mes habill√©s √† la machine ils me disent ( tout se passe bien ) jusqu‚Äô√† la fin de s√©jour il me demande de r√©gler 114 dinar pour pour la ‚Ä¶,No Title (Google Maps)
N/A,N/A,Marion Ortega,,Google Maps,"H√¥tel propre, d√©cor√© avec go√ªt.
Le personnel est tr√®s sympathique.
La literie est tr√®s confortable, le lit gigantesque. ‚Ä¶",No Title (Google Maps)
N/A,N/A,filter man,,Google Maps,"Cet h√¥tel devrait √™tre un 3 √©toiles plut√¥t que un 4 √©toiles. Dans la chambre les joint de douche sont crasseux, il y a des traces de doigts gras un peu partout sur les d√©co. La vue des chambres donne sur d autre appartement. Bruits de ‚Ä¶",No Title (Google Maps)
N/A,N/A,Philippe MARENGO,,Google Maps,"Vraiment le bon choix pour un sejour professionnel √† Tunis. Personnel tr√®s disponible et professionnel, chambres impeccables, tous les services n√©cessaires et une superbe qualit√© de restauration disponible au sein de l'√©tablissement. Nous ‚Ä¶",No Title (Google Maps)
N/A,N/A,Imane B,,Google Maps,"Positif :
Excellent petit d√©jeuner tr√®s vari√© et bon
H√¥tel propre avec un bon service ‚Ä¶",No Title (Google Maps)
N/A,N/A,Audrey Phinoson,,Google Maps,"Un tr√®s bel h√¥tel, confortable, propre, service de qualit√© ! Des mets succulents. Le plus le rooftop !!! Le moins un peu bruyant la nuit.
Il ne manque qu‚Äôune salle de sport pour parfaire les services de cet h√¥tel.",No Title (Google Maps)
N/A,N/A,Nabil Boubaker,,Google Maps,"Nous avons pass√© un excellent s√©jour dans la suite Hannibal, rien √† dire sur la chambre vraiment parfaite.
Je tiens √† remercier Saoussen √† l accueil pour sa disponibilit√© et son sourire ‚Ä¶",No Title (Google Maps)
N/A,N/A,yassine ksibi,,Google Maps,"Petit hotel de centre ville, bon emplacement et service tr√©s aimable.
Chambres propres , bon rapport qualit√© prix.  Les petits moins : pas de vue sur rue et bruits des sonos des deux bars de l'hotel les nuits du week-end. Je recommande, Difficile de trouver mieux pour ce prix.",No Title (Google Maps)
N/A,N/A,Kate 2017,,Google Maps,"Bonjour je vous d√©conseille cet h√¥tel et surtout si c'est un s√©jour professionnel! Premier soir, ils ont √©t√© obliger de me changer les draps, il y avait des t√¢ches de nourriture...Chambre tr√®s mal insonoris√©e! On demande un taxi pour se ‚Ä¶",No Title (Google Maps)
N/A,N/A,Kati Seray,,Google Maps,Je pense commencer par le positif alors pour les chambres je n‚Äôai rien √† dire c‚Äôest un 10/10 pour la r√©ception aussi personnel √† l‚Äô√©coute du client mais se pendants 2 point sont d√©plaisants ‚Ä¶,No Title (Google Maps)
N/A,N/A,Ben yasmina,,Google Maps,"Le business h√¥tel est un h√¥tel o√π l‚Äôon se sent comme chez soi.ce m√©rite revient au personnel chaleureux dynamique ,sympathique et surtout professionnel qui sont ‚Ä¶",No Title (Google Maps)
N/A,N/A,Solianne ALLY,,Google Maps,"Excellent h√¥tel, personnel disponible, souriant, agr√©able et tr√®s gentil.
Room service de qualit√©.
Chambre propre, lit tr√®s confortable. ‚Ä¶",No Title (Google Maps)
N/A,N/A,Laurence Godard,,Google Maps,"Un service irr√©prochable. Les collaboratrices et collaborateurs de cet √©tablissement sont tr√®s cordiaux et efficaces. La chambre est tr√®s confortable. Le lit est de haute qualit√© et le service de chambre est super.
Un √©tablissement que je recommande pour toutes leurs prestations.",No Title (Google Maps)
N/A,N/A,Wiem Dhakouani,,Google Maps,"Concernant The Luna Sky Lounge au 6 √®me
Belle endroit, ambiance tr√®s bonne, repas copieux et d√©licieux. Le b√©mol musique tr√®s forte donc pas pratique pour une soir√©e en groupe pour s‚Äôentendre parler. Les serveurs sont chaleureux, accueillant et a l‚Äô√©cou",No Title (Google Maps)
N/A,N/A,eric bogneaux,,Google Maps,Service parfait tr√®s belle accueil et personnel au top tr√®s tr√®s belle chambre √† recommander  monsieur eric!!,No Title (Google Maps)
N/A,N/A,Rajaa Lagrioui,,Google Maps,"Une r√©servation faite via h√¥tel beds, pay√©e et d√©bit√©e, a mon arriv√©e pas de resa, la cacophonie totale pour resolver la situation car l h√¥tel n avait rien a voir avec ce probl√®me (au passage site √† eviter car ce probl√®me m est arriv√© deux ‚Ä¶",No Title (Google Maps)
N/A,N/A,Luiz Prado,,Google Maps,"Un h√¥tel n'est pas compatible du tout avec una bo√Æte de nuit qui joue la musique tr√©s fort la nuit, au point que l'on peut √©couter d√©s les chambres!  Ils doivent choisir s'ils veulent √™tre un h√¥tel ou bien une bo√Æte de nuit sans aucune ‚Ä¶",No Title (Google Maps)
N/A,N/A,rezkallahb2022,,Google Maps,"H√¥tel bien situ√© , en plein centre de Tunis ,chambre/suite tr√®s propres et chaleureuse , petit d√©jeuner top et vari√©s(viennoiseries_crepes_fruits_yaourts....).||Nb: le point le plus fort c le personnels , ils sont au top et toujours √† l'√©coute  merci a eux",No Title (Google Maps)
N/A,N/A,Lauriana Nouriah,,Google Maps,"J‚Äôy suis √† l‚Äôinstant o√π j‚Äô√©cris ce commentaire , merci pour ce moment exceptionnel !!! Nous avons r√©server la suite et c‚Äôest sans regret , tout y est parfait pour passer un moment des plus agr√©able ! Merci infiniment , nous reviendrons tr√®s vite",No Title (Google Maps)
N/A,N/A,Philippe Georgel,,Google Maps,Catastrophique.... Une bo√Æte de nuit au 1er etage et les murs de l'h√¥tel en carton.... 3 plaintes √† la r√©ception et tout le personnel s'en fout.... Jamais vu ca dans un h√¥tel qui se pr√©tend business et qui pratique des tarifs ahurissants....,No Title (Google Maps)
N/A,N/A,Ilam Zit,,Google Maps,"Hotel pas tr√®s bien plac√©, les chambre ne correspondent pas au photo, nois avion pourtans pris chambre sup√©rieure mais la chambre n'est pas tr√®s propre, salle de baim nickel. Par contre tr√®s bon petit-d√©jeuner tout etais bon et neuf",No Title (Google Maps)
N/A,N/A,Pierre Nicolas Roger,,Google Maps,"Un passage d une nuit au business h√¥tel de Tunis, mais un passage r√©ussi, la literie est tr√®s confortable, identiques aux standards europ√©ens, les chambres sont bien √©quip√©es , mini bar , Nespresso ect... ‚Ä¶",No Title (Google Maps)
N/A,N/A,Sabrina ARIOUAT,,Google Maps,"voyage pro : tr√®s bel accueil, personnels chaleureux et gentils √† l‚Äô√©coute pour r√©pondre √† nos demandes, les plats sont tr√®s copieux. je rebondis par contre sur  le bruit la nuit, musique jusqu'√† minuit voir m√™me plus tard √† cause des ‚Ä¶",No Title (Google Maps)
N/A,N/A,Solenza Calis,,Google Maps,"Je mets 4√©toiles et pourtant j'adorais y mette 5, le d√©tail des points positifs : 5 √©toiles pour l'accueil. Pour le restaurant  menu au top üîù pour l'hygi√®ne pour la chambre extra... Le lit excellent... Le d√©tail de la douche en verre qui ‚Ä¶",No Title (Google Maps)
N/A,N/A,C√©dric Zara,,Google Maps,"Bonne h√¥tel simple propre mais tout les soir, on entend la musique de la bo√Æte de nuit qui se trouve au dernier √©tage de l‚Äôh√¥tel",No Title (Google Maps)
N/A,N/A,Nasfi rim,,Google Maps,On a pass√© une nuit√©e √† la  suite du 3√®me √©tage c'√©tait top!! Personnels serviables et souriants. Petit d√©jeuner vari√© et correct.,No Title (Google Maps)
N/A,N/A,Koko Cinelle,,Google Maps,"Cadre tr√®s moderne et chaleureux ! un petit b√©mol sur les environs. Pas touristique.
Mais l'h√¥tel est soigneusement d√©cor√© et propre. Le lounge est topissime üëçüòú ‚Ä¶",No Title (Google Maps)
N/A,N/A,Sonia Ben mohamed,,Google Maps,"H√¥tel au top !! Personnel tr√®s sympathique, chambres de grande classe , lit super confortable, propret√© irr√©prochable. Je recommande fortement cet √©tablissement !",No Title (Google Maps)
N/A,N/A,wassim bouraoui,,Google Maps,"Un accueil chaleureux et un service soign√©
Excellent h√¥tel Business",No Title (Google Maps)
N/A,N/A,Xavier Baudlet,,Google Maps,"Chambres confortables, personnel accueillant, cuisine correct. Juste un petit b√©mol : le Luna Sky un peu bruyant Di on est juste en dessous mais c'est tellement agr√©able d'y passer un moment qu'on le pardonne presque üòú ‚Ä¶",No Title (Google Maps)
N/A,N/A,charrad wado,,Google Maps,"hotel un peux cher face au service
trop de bruit la nuit cause du disco
je demander mon petit deuj au chambre il mon oublier",No Title (Google Maps)
N/A,N/A,Alexandra Zepina,,Google Maps,J'ai beaucoup aime cette h√¥tel accueil tr√®s chaleureux personnel et a votre √©coute et particuli√®rement MR Bibel au service maintenance qui a intervenu durant mon s√©jour tr√®s bon technicien gardez le pr√©cieusement  je recommande cette h√¥tel si vous souhzitez passer un bon s√©jour Mr et Mme Tlili,No Title (Google Maps)
N/A,N/A,Nadhmi Nouasri,,Google Maps,"V√©ritable vitrine de la Tunisie moderne alliant modernisme et identit√©, BUSINESS HOTEL est un h√¥tel d‚Äôaffaires au c≈ìur du centre ville de Tunis, Id√©alement situ√© dans le quartier d‚Äôaffaires Montplaisir, √† 10 mn de celui des berges du Lac et ‚Ä¶",No Title (Google Maps)
N/A,N/A,Karim DIOURI EL OULAM,,Google Maps,"Trop de bruit du Bar! Ce n'est pas un h√¥tel destin√© a un s√©jour professionnel ! Salle de bain pas tr√®s propre, tr√®s mauvaise odeur sur les serviettes de bain..... Tr√®s d√©√ßu !!!!!",No Title (Google Maps)
N/A,N/A,Mehdi Bouricha,,Google Maps,"Bjsiness hotel est un bon hotel du centre ville
Je le connais beaucoup plus pour ses soirees hivernales
Le rooftop est bien organise et les groupes invites sont sympas
Note negatif pour les portiers pas a la hauteur de l endroit",No Title (Google Maps)
N/A,N/A,A. Mart√≠nez,,Google Maps,"Comportement mafieux dans les r√©servations.
Ils suppriment la r√©servation quelques heures apr√®s mon arriv√©e √† l'hotel et pendant que je voyage dans l'avion.",No Title (Google Maps)
N/A,N/A,Z B,,Google Maps,J'y suis all√© pour manger bonne ambiance on peut fumer √† l'int√©rieur c'est un peu plus cher que dans d'autres restaurants √† Tunis,No Title (Google Maps)
N/A,N/A,Karama Ben Amor,,Google Maps,un lieu sympathique et tranquille de 17h jusqu'a 21h puis il ya de la musique en live. sinon le B2B est bien pas super le service est un peu lent .,No Title (Google Maps)
N/A,N/A,BOUZID HICHEM,,Google Maps,"Tr√®s difficile de trouver o√π se garer. Les chambres sont tr√®s brouillantes la nuit, et impossible √† dormir calmement, √† cause du restaurant spectacle au 6 √®me etage. Sercice tr√®s lent.",No Title (Google Maps)
N/A,N/A,stephane de noray,,Google Maps,Personnel tr√®s agr√©able. Trop de bruit dans les restaurants bo√Ætes de nuits du 1er et du 6eme √©tage le weekend,No Title (Google Maps)
N/A,N/A,location voitures ROYALCAR,,Google Maps,"Chaleureux
Convivial
Mais emplacement tr√®s d√©licat, on ne peut pas se garer facilement,  l'accessibilit√© aussi tr√®s difficile en voiture pendant la journ√©e",No Title (Google Maps)
N/A,N/A,PONS Chantal,,Google Maps,Bel √©tablissement. Tr√®s bon accueil. Tt ok sauf √©clairage SDB faible.,No Title (Google Maps)
N/A,N/A,Othmane Lahlou,,Google Maps,"Accueil tr√®s chaleureux, chambres propres et petit-d√©jeuner copieux, rooftop agr√©able !",No Title (Google Maps)
N/A,N/A,MOHAMED YAKHLEF,,Google Maps,"Tr√®s bon h√¥tel
Personnels agr√©ables
Propret√© et le calme",No Title (Google Maps)
N/A,N/A,Balloumi Hamed,,Google Maps,Une belle exp√©rience,No Title (Google Maps)
N/A,N/A,Kapa pello,,Google Maps,"Les deux bars de cet √©tablissement sint formellement interdits aux indig√®nes non privil√©gi√©s sous des pr√©textes dr√¥les et fragiles
j'esp√®re qu'ils auront le courage de le mentionner clairement pour nous √©pargner une humiliation gratuite aux portes",No Title (Google Maps)
N/A,N/A,Muhammad Awal,,Google Maps,Propre,No Title (Google Maps)
N/A,N/A,Asm√¢a Bassouri,,Google Maps,"Structure clean, personnel aimable, √† seulement 15 min de l'a√©roport.. seul souci √©tait leur wifi qui ne marchait pas !",No Title (Google Maps)
N/A,N/A,Zinou Zoubir,,Google Maps,Superbe tres calme les gens tres gentil et chaleureux seulment j'ai pass√© 1heur pour trouver avec la voiture je revien et je le  conseille,No Title (Google Maps)
N/A,N/A,Fromagerie Testouri,,Google Maps,H√¥tel sympa au centre deTunis. Par contre pour vous garer faut y aller. Pas desservi par les transports.,No Title (Google Maps)
N/A,N/A,Abderrazak Debbich,,Google Maps,Super ambiance avec un exelent accueil de la part de reception de monsieur manaa ayari je te remercie √©norme,No Title (Google Maps)
N/A,N/A,abderahmane djalal chadli,,Google Maps,J'ai pass√© un agr√©able s√©jour dans cet √©tablissement mention sp√©ciale pour sawsan -Sofiane et amir,No Title (Google Maps)
N/A,N/A,Patrick Renault,,Google Maps,Lounge et restaurant de qualit√©. Nous reviendrons pour l‚Äôh√¥tel,No Title (Google Maps)
N/A,N/A,Daniel Monceau,,Google Maps,Super accueil personnel tr√®s comp√©tant serviable et tr√®s gentil,No Title (Google Maps)
N/A,N/A,Les cinq tours,,Google Maps,"Chambres nikels, personel au petit soin, seul bemol bruit de la boite de nuit, sauf pour les f√©tards une vraie aubaine.",No Title (Google Maps)
N/A,N/A,NAD,,Google Maps,"Excellent service, l'h√¥tesse d'accueil Rihab est souriante et professionnelle",No Title (Google Maps)
N/A,N/A,Mouna Mouna,,Google Maps,G√©rant de luna sky ne c mm pa se communiquer avec les clients d'une fa√ßon respectable,No Title (Google Maps)
N/A,N/A,Chaima Bouanani,,Google Maps,"Service au top
Chambre impeccable
Je recommande les yeux ferm√©s
Merci ‚ù§Ô∏è",No Title (Google Maps)
N/A,N/A,Ridha SAADAOUI,,Google Maps,Tr√®s bonne ambiance (ok) hygi√®ne  (ok) bouffe  (ok) Agents de s√©curit√© respectueux  (No),No Title (Google Maps)
N/A,N/A,Mahamoud Traore,,Google Maps,"Tres convivial, ils sont accueillants,  et le cadre est idyllique",No Title (Google Maps)
N/A,N/A,aziz abderrazak,,Google Maps,Un tr√®s mauvais h√¥tel je vous conseille de faire de bons gateaux,No Title (Google Maps)
N/A,N/A,Mohamed Amine ABID,,Google Maps,Lieu convivial et un staff tr√®s accueillant,No Title (Google Maps)
N/A,N/A,LOIC LTG,,Google Maps,"Bon s√©jour, malgr√© la musique tr√®s forte le weekend..",No Title (Google Maps)
N/A,N/A,Laurence Von Moos (Pousse Nature),,Google Maps,"Top, et le buffet du d√©jeuner avec des sp√©cialit√©s locales est excellent !",No Title (Google Maps)
N/A,N/A,Mariam Sassi,,Google Maps,"Tr√®s cher en rapport qualit√©-prix, il faut un meilleur service pour ces prix l√†.",No Title (Google Maps)
N/A,N/A,Mehdi J,,Google Maps,Le service n'est pas tr√®s rapide durant les heures de forte affluence,No Title (Google Maps)
N/A,N/A,Hazar Msaddek,,Google Maps,Parmi les meilleurs h√¥tels 4 √©toiles,No Title (Google Maps)
N/A,N/A,Abdelmouneam GHORISSI,,Google Maps,Parking a l'ext√©rieur de l'h√¥tel,No Title (Google Maps)
N/A,N/A,Mahdi Gharbi,,Google Maps,Top de top,No Title (Google Maps)
N/A,N/A,Younsi Wissem,,Google Maps,Staff ü•á‚úÖ ‚Ä¶,No Title (Google Maps)
N/A,N/A,Mbouma Baningui Theophile Thimothe,,Google Maps,Lieu agr√©able et correct. Personnel professionnel,No Title (Google Maps)
N/A,N/A,Amine MESTIRI,,Google Maps,Excellent buffet et service,No Title (Google Maps)
N/A,N/A,arnaud boussu,,Google Maps,"Lieu chaleureux, avec un bon restaurant",No Title (Google Maps)
N/A,N/A,ben fraj montassar,,Google Maps,Confortable et pratique en plein centre ville,No Title (Google Maps)
N/A,N/A,Rawaa Matmati,,Google Maps,Sympa mais trop ch√®re,No Title (Google Maps)
N/A,N/A,Fethi Mezgheni,,Google Maps,Tr√®s beau h√¥tel,No Title (Google Maps)
N/A,N/A,Kais Karoui,,Google Maps,Bon hotel,No Title (Google Maps)
N/A,N/A,Slim KEFI,,Google Maps,Tr√®s bon accueil et service,No Title (Google Maps)
N/A,N/A,Sylvie Terret,,Google Maps,Des r√©ceptionnistes souriants et serviables,No Title (Google Maps)
N/A,N/A,Haythem Mkadmi,,Google Maps,Tr√®s bel coin,No Title (Google Maps)
N/A,N/A,zied romdhani,,Google Maps,Je l'adore,No Title (Google Maps)
N/A,N/A,samir said,,Google Maps,No Text,No Title (Google Maps)
N/A,N/A,Jade Lola,,Google Maps,No Text,No Title (Google Maps)
N/A,N/A,akram harbi,,Google Maps,Endroit tr√®s sympathique,No Title (Google Maps)
N/A,N/A,Aymen Ben Khessib,,Google Maps,Luxe,No Title (Google Maps)
N/A,N/A,Khadija Kesraoui,,Google Maps,Bien,No Title (Google Maps)
N/A,N/A,Mehdi Bouaziz,,Google Maps,Bonne ambiance,No Title (Google Maps)
N/A,N/A,kais garouachi,,Google Maps,Excellent,No Title (Google Maps)
N/A,N/A,Khaled Hajri,,Google Maps,Lieux agr√©able,No Title (Google Maps)
N/A,N/A,esteve Allioucha,,Google Maps,Comme √† la maison,No Title (Google Maps)
N/A,N/A,Mohamed ksouri,,Google Maps,H√¥tel de ville au centre ville,No Title (Google Maps)
N/A,N/A,Mehrez CHTOUROU,,Google Maps,Ambiance intime,No Title (Google Maps)
N/A,N/A,Robert Maccario,,Google Maps,No Text,No Title (Google Maps)
N/A,N/A,Sond√®s Harrabi,,Google Maps,H√¥tel pour un voyage d'affaire,No Title (Google Maps)
N/A,N/A,Christophe ZELLEK,,Google Maps,No Text,No Title (Google Maps)
N/A,N/A,Oussama Mt,,Google Maps,Magnifique,No Title (Google Maps)
N/A,N/A,Mohamed Rajhi,,Google Maps,üè©üè©üè©üè©üç∏üç∫üç∑üçπüçªüçñüçóüç¢üç°üçùüåáüåá ‚Ä¶,No Title (Google Maps)
N/A,N/A,Mouadh Mathlouthi,,Google Maps,H√¥tel professionnel,No Title (Google Maps)
N/A,N/A,n'gboba ruth,,Google Maps,Bien,No Title (Google Maps)
N/A,N/A,Ghazi Haj Salah,,Google Maps,Bien,No Title (Google Maps)
N/A,N/A,Djelassi Ramzi,,Google Maps,Bien,No Title (Google Maps)
N/A,N/A,Mattia Zorzi,,Google Maps,"La musique du club r√©sonne et nous emp√™che de dormir toute la nuit. La r√©ceptionniste √† notre arriv√©e √©tait d√©sagr√©able ; elle nous a dit de nous asseoir pendant qu'elle v√©rifiait nos passeports. En fait, elle s'attendait √† ce que nous ‚Ä¶",No Title (Google Maps)
N/A,N/A,Mohamed Lamine,,Google Maps,"L'h√¥tel est bien situ√© en plein centre de Tunis, dans le quartier de Montplaisir, √† proximit√© de l'avenue Habib Bourguiba et du m√©tro. Les chambres sont propres, climatis√©es et insonoris√©es, mais plut√¥t petites. Le restaurant et les espaces ‚Ä¶",No Title (Google Maps)
N/A,N/A,Aline Feddal,,Google Maps,"L'h√¥tel est magnifique et tr√®s propre. Le personnel de la r√©ception est accueillant et toujours souriant. La chambre est un peu petite, mais le lit est tr√®s confortable. ‚Ä¶",No Title (Google Maps)
N/A,N/A,√ñmer Faruk Terzi,,Google Maps,"En tant qu'ancien h√¥telier, j'ai √©t√© chaleureusement accueilli √† la r√©ception. La chambre √©tait tr√®s propre et Hasan, le monsieur qui s'est occup√© du transfert vers Sfax, s'est montr√© particuli√®rement serviable et pr√©venant. Je recommande vivement cet h√¥tel.",No Title (Google Maps)
N/A,N/A,Samer Khashou,,Google Maps,"Une √©quipe formidable et sympathique, tr√®s serviable.
Omayma, r√©ceptionniste exceptionnelle, m'a fait me sentir comme √† la maison pendant mon s√©jour. ‚Ä¶",No Title (Google Maps)
N/A,N/A,Rami Shahawy,,Google Maps,"Le Business Hotel se distingue par sa propret√©, la qualit√© de son service et son personnel de r√©ception exceptionnel. J'ai √©t√© accueilli par Mme Susan, qui m'a trait√© avec le plus grand professionnalisme et m'a offert un surclassement ‚Ä¶",No Title (Google Maps)
N/A,N/A,Ali Mert,,Google Maps,"C'est un tr√®s bel h√¥tel, l'accueil, la r√©ception (parfait), tout le personnel est attentionn√©, c'est un h√¥tel d'une propret√© irr√©prochable.",No Title (Google Maps)
N/A,N/A,Nezha Soumir,,Google Maps,"Au d√©but, ils nous ont dit que les ressortissants du Maghreb ne payaient que 3 $ de taxe de s√©jour, et que je devais simplement pr√©senter un document prouvant ma nationalit√© marocaine. Mais au moment du d√©part, ils ont soudainement chang√© ‚Ä¶",No Title (Google Maps)
N/A,N/A,muhittin salem,,Google Maps,"Les chambres sont un peu petites.

Mais il vaut mieux √©viter les chambres pr√®s du toit √† cause du bruit du bar.",No Title (Google Maps)
N/A,N/A,Yahia a,,Google Maps,"R√©ceptionnistes tr√®s accueillants surtout Mohamed √©tait serviable et tr√®s sympathique, la suite √©tait agr√©able, ils ont pr√©par√© le petit d√©jeuner √† 4 heures du matin avant notre vol, je recommande cet h√¥tel.",No Title (Google Maps)
N/A,N/A,ci wael,,Google Maps,"J'ai ador√© mon s√©jour au Business Hotel ! L'atmosph√®re de l'h√¥tel √©tait relaxante et le petit-d√©jeuner √©tait d√©licieux. Un grand merci √† Omaima et Mohammed, de la r√©ception, qui ont √©t√© tr√®s gentils et serviables. Merci.",No Title (Google Maps)
N/A,N/A,Sinan Beyazit,,Google Maps,"Nous avons s√©journ√© dans cet h√¥tel pour un voyage de trois jours en ville et malheureusement, l'exp√©rience n'a pas r√©pondu √† nos attentes. ‚Ä¶",No Title (Google Maps)
N/A,N/A,Simran B,,Google Maps,"Proche de l'a√©roport et √† 10 minutes en voiture de la gare. J'y ai pass√© une nuit. C'est correct, rien de sp√©cial. ‚Ä¶",No Title (Google Maps)
N/A,N/A,mounirat281,,Google Maps,"Les plus beaux h√¥tels de Tunis, offrant un service exceptionnel, des prestations luxueuses et un emplacement id√©al : √† proximit√© de l‚Äôa√©roport, du mus√©e du Bardo et de la m√©dina‚Ä¶ | Chambres propres et confortables | Personnel tr√®s aimable, serviable et accueillant.",No Title (Google Maps)
N/A,N/A,piero morson,,Google Maps,"Sympa, propre et convivial... mais la musique disco est vraiment trop aga√ßante !",No Title (Google Maps)
N/A,N/A,Zied Kallel,,Google Maps,"J'ai pass√© un s√©jour globalement agr√©able.

La chambre √©tait propre et bien entretenue, √† l'exception de quelques ‚Ä¶",No Title (Google Maps)
N/A,N/A,Michele Corazza,,Google Maps,"Bon h√¥tel, conforme aux standards locaux, mais le prix est raisonnable.
Le personnel est tr√®s aimable. La nourriture est bonne, fra√Æche et le petit-d√©jeuner propose un large choix. Emplacement strat√©gique pour les travailleurs ‚Ä¶",No Title (Google Maps)
N/A,N/A,Sarkoti,,Google Maps,Chambre tr√®s propre et bien situ√©e avec un service serviable,No Title (Google Maps)
N/A,N/A,coppingshg3,,Google Maps,"J'ai s√©journ√© √† l'h√¥tel un samedi soir entre deux vols. L'enregistrement a √©t√© tr√®s rapide et la s√©curit√© √† l'entr√©e √©tait professionnelle. Cependant, la musique du pub/bo√Æte de nuit √©tait insupportable pendant que j'√©tais √† la r√©ception. ‚Ä¶",No Title (Google Maps)
N/A,N/A,255tatjanam,,Google Maps,"Avis de Tatjana M√∂lter | 1/5 | Il y a 1 jour sur Google | Mon mari et moi avons pass√© 10 jours dans cet h√¥tel. Les chambres sont correctes, le petit-d√©jeuner passable, mais tout cela importe peu puisque nous n'avons pas ferm√© l'≈ìil de la ‚Ä¶",No Title (Google Maps)
N/A,N/A,nitajo90,,Google Maps,"C'est peut-√™tre la troisi√®me fois que je s√©journe dans cet h√¥tel, et j'ai d√©cid√© de partager mon avis car il m√©rite vraiment une excellente critique. J'y ai pass√© 10 jours pour un long voyage d'affaires, et j'ai ador√© son emplacement id√©al. ‚Ä¶",No Title (Google Maps)
N/A,N/A,mario Sorrentino,,Google Maps,Tout. Parfait.,No Title (Google Maps)
N/A,N/A,lotharl99,,Google Maps,"L'emplacement de l'h√¥tel est discutable, tout comme l'insonorisation des fen√™tres donnant sur la rue. Mais c'est tout. Vous y trouverez un h√¥tel d√©cor√© avec beaucoup de go√ªt et d'une propret√© exceptionnelle, avec un personnel incroyablement ‚Ä¶",No Title (Google Maps)
N/A,N/A,Abdullahmiqdad123,,Google Maps,"Le Business H√¥tel est l'un des meilleurs. J'y ai s√©journ√© du 3 au 29 septembre. Je souhaite partager mon exp√©rience. Encore une fois, c'est l'un des meilleurs h√¥tels de la r√©gion. Tout le personnel est tr√®s aimable et poli. Tous les locaux ‚Ä¶",No Title (Google Maps)
N/A,N/A,Bulent Ozer,,Google Maps,C'est un h√¥tel raisonnable situ√© dans le centre de la ville de Tunisie.  Je ne peux pas dire que c'est un h√¥tel de luxe mais c'est une bonne option pour ceux qui aiment s√©journer dans un h√¥tel avec des prix et des services raisonnables.,No Title (Google Maps)
N/A,N/A,Hadi Madi,,Google Maps,"Excellent h√¥tel, nourriture parfaite et personnel tr√®s sympathique et disponible. Voici quelques conseils pour am√©liorer l'exp√©rience : r√©duisez le bruit provenant du toit, car il peut √™tre difficile de dormir la nuit. Utilisez un shampoing et un apr√®s-shampoing de meilleure qualit√©.",No Title (Google Maps)
N/A,N/A,Jonathan Boekhoud,,Google Maps,"J'ai r√©serv√© sur le site de l'h√¥tel, mais √† mon arriv√©e, la r√©servation n'avait pas fonctionn√©. Ils ont dit que le site √©tait hors service depuis trois mois. La chambre √©tait cens√©e √™tre non-fumeur, mais elle sentait la fum√©e et il y avait ‚Ä¶",No Title (Google Maps)
N/A,N/A,Marwa Elobeid,,Google Maps,"L'h√¥tel est vraiment sympa, les chambres sont propres et confortables mais il faisait vraiment chaud et la climatisation ne faisait rien du tout, il y a aussi un bar sur le toit au 6√®me √©tage qui diffuse de la musique √† fond, donc difficile de dormir",No Title (Google Maps)
N/A,N/A,Creatores-word,,Google Maps,"F√©licitations, j'ai pass√© un excellent moment, le personnel √©tait tr√®s aimable et serviable. Un grand merci √† Marwa, Mariam et Saoussen. Je suis d√©sol√©e pour le repas. Les plats, arrivant en m√™me temps (entr√©e, plat principal et dessert), refroidissent, et la glace, notamment, fond. Il serait pr√©f√©rable de les pr√©parer en deux fois.",No Title (Google Maps)
N/A,N/A,datchie 1345,,Google Maps,"Ma meilleure soir√©e √† Tunis, merci",No Title (Google Maps)
N/A,N/A,ÿ≥ŸÑÿ∑ÿßŸÜ ÿßŸÑÿ≠ÿ±ÿ®Ÿä,,Google Maps,"Magnifique h√¥tel. Merci √† Mehdi, Narjes, Maryam, le responsable de la s√©curit√© et √† tout le personnel. C'est un h√¥tel vraiment √©l√©gant, et le personnel est extr√™mement poli et courtois. Le petit-d√©jeuner est l√©gendaire.",No Title (Google Maps)
N/A,N/A,AnaReghay,,Google Maps,"C'est un h√¥tel fantastique, tr√®s moderne, bien situ√©, avec un personnel charmant, un service impeccable et un petit-d√©jeuner d√©licieux et d'excellente qualit√©. || J'y ai s√©journ√© deux fois. La premi√®re fois, √† mon arriv√©e, on m'a annonc√© ‚Ä¶",No Title (Google Maps)
N/A,N/A,Sarah Rentschler-Gerloff,,Google Maps,"Un tr√®s bel h√¥tel, mais malheureusement trop bruyant le soir √† cause du salon √† ciel ouvert. Il est situ√© au sixi√®me √©tage et on entend la musique et les basses puissantes jusqu'au deuxi√®me √©tage. C'est donc un h√¥tel d'affaires, un ‚Ä¶",No Title (Google Maps)
N/A,N/A,TravelerBeenThere,,Google Maps,"Ce n'√©tait pas ma premi√®re fois au Luna Sky hier soir. Mes amis y vont assez souvent, et j'ai donc eu l'occasion de les accompagner deux fois. Une fois pour mon anniversaire, puisqu'ils avaient choisi de le f√™ter l√†-bas, et hier soir. Le ‚Ä¶",No Title (Google Maps)
N/A,N/A,marco marchetti,,Google Maps,"L'√©tablissement est propre et le personnel est tr√®s aimable et professionnel. √Ä la r√©ception, j'ai notamment rencontr√© M. Manaa, qui m'a aid√© √† trouver un taxi, √† r√©server le restaurant et √† rentrer √† l'a√©roport en taxi. Devant partir tr√®s t√¥t le matin, j'ai re√ßu mon petit-d√©jeuner dans ma chambre √† 5h30. Excellent service.",No Title (Google Maps)
N/A,N/A,Mike offline,,Google Maps,"H√¥tel tr√®s agr√©able et r√©cent. Pas vraiment au centre de tout, mais fortement recommand√© pour un voyage d'affaires. Chambres propres, bon service de m√©nage, connexion internet rapide, bon petit-d√©jeuner et personnel de la r√©ception tr√®s ‚Ä¶",No Title (Google Maps)
N/A,N/A,Joudy Alshennawi,,Google Maps,"Nous n'avons pass√© qu'une nuit dans les 10e et 11e √©tages, et le personnel du soir et du matin √©tait incroyablement serviable ! Nous devions d√©m√©nager √† 5 h 30 du matin pour Monastir, mais ils nous ont permis de prendre le petit-d√©jeuner ‚Ä¶",No Title (Google Maps)
N/A,N/A,Venture62703483027,,Google Maps,"C'est la sixi√®me fois que je s√©journe dans cet h√¥tel, et j'ai √©t√© impressionn√© par la propret√© de ma chambre et l'accueil chaleureux que j'ai re√ßu √† mon arriv√©e. Je tiens √† remercier tout particuli√®rement le personnel de la r√©ception, ‚Ä¶",No Title (Google Maps)
N/A,N/A,Trip.com Member,,Google Maps,"L'int√©rieur est magnifique, le personnel est tr√®s professionnel. H√¥tel id√©al pour les couples ou les voyageurs d'affaires. Proche de nombreux caf√©s et restaurants de qualit√©, comme vous pouvez le constater sur les photos.",No Title (Google Maps)
N/A,N/A,Marco Ballesio,,Google Maps,"Endroit pratique et confortable, actuellement 2 √©tages sont en r√©novation, et pendant le Ramadan le restaurant est ferm√© ; il est cependant possible d'utiliser la cuisine pour les d√©jeuners et d√Æners, dans la chambre, ou au rez-de-chauss√©e. ‚Ä¶",No Title (Google Maps)
N/A,N/A,Reid Fatmazahra,,Google Maps,"J'y √©tais hier. J'avais r√©serv√© la nuit du 25 et j'ai laiss√© la nuit du 26 pour raisons professionnelles. J'ai donc choisi l'h√¥tel Business et je n'avais jamais s√©journ√© dans un endroit aussi agr√©able üåÉüåâüåå‚õ∫üòò, √† Tunis. C'est super propre et ‚Ä¶",No Title (Google Maps)
N/A,N/A,HGOFWARD,,Google Maps,"J'ai attribu√© 3 √©toiles pour la taille de la chambre.
On pouvait √† peine bouger dans la chambre.
Et l'acc√®s aux toilettes est difficile √† cause de la porte pliante √† deux c√¥t√©s. ‚Ä¶",No Title (Google Maps)
N/A,N/A,Andrew Liddell,,Google Maps,"Un bon endroit pour une √©tape lors d'un voyage. Bel h√¥tel, prix raisonnable et bien situ√© par rapport √† l'a√©roport. Le Wi-Fi est bon et gratuit. Le personnel est tr√®s serviable. ‚Ä¶",No Title (Google Maps)
N/A,N/A,WMGroup,,Google Maps,"Je voulais tester ce nouvel h√¥tel √† Tunis. Son emplacement n'est pas id√©al : loin du centre et de la m√©dina, m√™me s'il est proche d'une route principale. Le b√¢timent se trouve dans un quartier peu recommandable, donnant sur un parking et ‚Ä¶",No Title (Google Maps)
N/A,N/A,Aaliyah A,,Google Maps,"Je le recommande vivement. J'ai pass√© un excellent s√©jour. Excellent h√¥tel avec un service impeccable, un personnel tr√®s sympathique, des chambres propres, un excellent room service et un excellent petit-d√©jeuner. Nous y avons pass√© quatre ‚Ä¶",No Title (Google Maps)
N/A,N/A,Flyer38750841955,,Google Maps,"Un h√¥tel vraiment excellent, avec un personnel formidable, offrant un accueil chaleureux et un service irr√©prochable. Chaque employ√©, sans exception, est d√©vou√© √† votre confort et vous traite avec une gentillesse et une sinc√©rit√© ‚Ä¶",No Title (Google Maps)
N/A,N/A,Ne≈üet Kƒ±rdar,,Google Maps,"Hadil, √† la r√©ception, √©tait tr√®s sympathique et serviable. Nous y avons pass√© un week-end et avons √©t√© d√©rang√©s par la musique qui jouait tard le soir. √Ä part cela, c'est un h√¥tel tr√®s agr√©able et confortable. J'y retournerais sans h√©siter si jamais je repasse par l√†.",No Title (Google Maps)
N/A,N/A,lusja8,,Google Maps,"Nous avons pass√© une journ√©e dans cet h√¥tel lors d'une escale, et c'est un bon choix pour cela. Il est proche de l'a√©roport, et les chambres, bien qu'un peu petites, sont convenables, propres et bien √©quip√©es. Le personnel √©tait poli. ‚Ä¶",No Title (Google Maps)
N/A,N/A,AngelAmbra77--,,Google Maps,"Id√©alement situ√© en centre-ville, cet h√¥tel 4 √©toiles propose des chambres r√©nov√©es et confortables, et offre un bon rapport qualit√©-prix. Il est indispensable d'avoir une voiture ou un taxi, les transports en commun √©tant tr√®s limit√©s. Le personnel est tr√®s accueillant.",No Title (Google Maps)
N/A,N/A,Solopsycho,,Google Maps,"Un accueil exceptionnel, des chambres d'une propret√© irr√©prochable, un buffet somptueux et un personnel absolument charmant, notamment Sawsan √† la r√©ception et Maryam, Marwa et Wasl au restaurant. C'√©tait ma premi√®re visite et ce ne sera certainement pas la derni√®re. Je recommande vivement cet h√¥tel cinq √©toiles !",No Title (Google Maps)
N/A,N/A,edosel,,Google Maps,"Ce type d'h√¥tel, aux standards am√©ricains, est typique des voyageurs d'affaires. Je le dis de mani√®re positive : accueil chaleureux, propret√© impeccable, personnel professionnel, bon rapport qualit√©-prix et petit-d√©jeuner correct. En bref, fonctionnel et sans fioritures.",No Title (Google Maps)
N/A,N/A,Yap Ting Wee,,Google Maps,"Mon s√©jour √† l'h√¥tel a √©t√© tr√®s agr√©able. La chambre √©tait propre et joliment d√©cor√©e, le personnel tr√®s accueillant et l'h√¥tel id√©alement situ√©, √† proximit√© de l'a√©roport. J'y retournerai sans h√©siter lors de mon prochain s√©jour √† Tunis.",No Title (Google Maps)
N/A,N/A,Pademo1970,,Google Maps,"J'ai s√©journ√© dans cet h√¥tel. La chambre √©tait propre et le personnel de la r√©ception tr√®s professionnel. Suite √† un impr√©vu, j'ai d√ª reporter mon voyage d'affaires. Comme c'est souvent le cas avec les billets achet√©s en ligne, on perd tout. Ils ont effectu√© le report sans aucun probl√®me ! Excellent ! Je reviendrai ! Super !",No Title (Google Maps)
N/A,N/A,Rick de Jong,,Google Maps,"L'h√¥tel a d√©pass√© toutes mes attentes. Excellentes chambres, prestations de qualit√© et petit-d√©jeuner bien meilleur que pr√©vu. Si vous cherchez un endroit o√π s√©journer, n'h√©sitez pas.",No Title (Google Maps)
N/A,N/A,–ò–≥–æ—Ä—å –ü–∏—Ä–∫–æ,,Google Maps,"Belles chambres. Proche de l'a√©roport. Personnel courtois. Demandez une chambre au 2e ou 3e √©tage, sinon la musique du 6e √©tage sera g√™nante. Il y a un bar au 6e √©tage. Cher, mais les portions sont g√©n√©reuses. C'est tr√®s enfum√©.",No Title (Google Maps)
N/A,N/A,Pablo Viedma,,Google Maps,"L'h√¥tel est globalement correct en termes d'infrastructures. Le bruit provenant du restaurant-terrasse du 6e √©tage est important, mais on l'entend parfaitement au 3e. Je n'ose pas imaginer les 4e et 5e √©tages. Le week-end, il est difficile ‚Ä¶",No Title (Google Maps)
N/A,N/A,Scandola Nicola,,Google Maps,"Chambres propres et ambiance agr√©able. Le bar panoramique au sixi√®me √©tage est excellent. Demandez une chambre calme, √† l'√©cart du bar.",No Title (Google Maps)
N/A,N/A,Ariel_Sama,,Google Maps,"L'accueil √† la r√©ception, Saoussen, √©tait particuli√®rement chaleureux. Dans l'ensemble, le s√©jour s'est bien pass√©. Je sugg√©rerais de mieux informer les clients sur les services propos√©s et de les accompagner afin qu'ils puissent en profiter pleinement.",No Title (Google Maps)
N/A,N/A,Abdullah Miqdad,,Google Maps,"Le Business H√¥tel est l'un des meilleurs. J'y ai s√©journ√© du 3 au 29 septembre. Je souhaite partager mon exp√©rience. Encore une fois, c'est l'un des meilleurs h√¥tels de la r√©gion. Tout le personnel est tr√®s aimable et poli. Tous les locaux ‚Ä¶",No Title (Google Maps)
N/A,N/A,yusufy987,,Google Maps,"Confortable ! Propre ! Confortable ! || En entrant dans l'h√¥tel, je me suis dit : ¬´ Voil√† des professionnels ! ¬ª || Je tiens √† remercier chaleureusement le personnel du service des op√©rations sp√©ciales de l'h√¥tel Barƒ±≈ü pour son attention. ‚Ä¶",No Title (Google Maps)
N/A,N/A,FarAway14819865122,,Google Maps,"J'ai pass√© 3 nuits √† l'h√¥tel. C'√©tait tr√®s bien, le personnel √©tait tr√®s accueillant, en particulier Mme Naouras √† la r√©ception. La nourriture est bonne et il y a une discoth√®que au rez-de-chauss√©e et un bar √† tapas √† l'√©tage. Je recommande ‚Ä¶",No Title (Google Maps)
N/A,N/A,mariam mansour,,Google Maps,"Je ne m'attendais pas √† ce que lorsque mon groupe de travail et moi √©tions en retard et manquions l'heure du d√Æner, le restaurant de l'h√¥tel nous attendrait et les serveuses qui servaient les remplaceraient.",No Title (Google Maps)
N/A,N/A,Hussien Hamedan,,Google Maps,"Excellent h√¥tel, excellents services, le personnel de la r√©ception est tr√®s poli et courtois, le petit-d√©jeuner est pr√©par√© √† un niveau √©lev√©, en plus du style du personnel de service, les chambres sont confortables et tr√®s propres, merci ‚Ä¶",No Title (Google Maps)
N/A,N/A,Abdulaziz,,Google Maps,"Un h√¥tel tr√®s agr√©able üè®
Personnel aimable et accueillant
Propret√© irr√©prochable ‚Ä¶",No Title (Google Maps)
N/A,N/A,juanma santano,,Google Maps,"Un excellent h√¥tel, avec des attentions tr√®s appr√©ci√©es dans les chambres, comme une machine √† caf√© Nespresso et des lits et oreillers tr√®s confortables. Seul b√©mol : l'h√¥tel est tr√®s d√©labr√©. Un bar musical au dernier √©tage transmet des vibrations aux autres √©tages.",No Title (Google Maps)
N/A,N/A,Ouss Na,,Google Maps,"Excellent h√¥tel avec un excellent service, personnel tr√®s sympathique, chambres propres, excellent service en chambre, excellents repas, excellent petit-d√©jeuner, le salon et le bar sont super, les prix sont tr√®s raisonnables, je recommande vivement cet h√¥tel",No Title (Google Maps)
N/A,N/A,miled feghali,,Google Maps,"NE R√âSERVEZ JAMAIS DANS CET H√îTEL.
J'ai appel√© l'h√¥tel concernant des probl√®mes de r√©servation. Ils ont contact√© Booking.com alors que c'√©tait leur responsabilit√©. La r√©ceptionniste √©tait d√©sagr√©able et n√©gligente, et ils ne m'ont jamais rembours√©. J'ai d√ª payer 300 ‚Ç¨.",No Title (Google Maps)
N/A,N/A,beerd2022,,Google Maps,"J'ai beaucoup appr√©ci√© mon s√©jour dans les suites de l'h√¥tel Business. Le service personnalis√© est d'une grande qualit√©. Merci √† toute l'√©quipe et un merci tout particulier √† Saoussen, toujours souriante et attentive au moindre d√©tail. ¬´ Elle est la meilleure ! ¬ª Je recommande cet endroit √† tous mes amis.",No Title (Google Maps)
N/A,N/A,shadae2022,,Google Maps,"Tr√®s bruyant √† cause de la musique. Manque de respect pour les personnes qui ont des affaires √† r√©gler le matin. Je n'y retournerai pas et je le d√©conseille √† quiconque souhaite dormir la nuit, car l'insonorisation est inexistante.",No Title (Google Maps)
N/A,N/A,AlshafiS,,Google Maps,"L'h√©bergement, le service et la tranquillit√© sont exceptionnels. J'ai h√¢te de d√©couvrir leurs prochaines prestations. C'est mon adresse de pr√©dilection depuis deux ans et je la recommande syst√©matiquement √† mes amis. Le petit-d√©jeuner est ‚Ä¶",No Title (Google Maps)
N/A,N/A,873melekt,,Google Maps,"Je tiens √† exprimer ma sinc√®re gratitude √† chacun d'entre vous pour votre accueil chaleureux et attentionn√©. L'h√¥tel √©tait tr√®s confortable, propre et id√©alement situ√©. Les commerces √©taient √† deux pas ! Avec les remparts de la ville juste √† c√¥t√©, je vous remercie tout particuli√®rement pour cette atmosph√®re si conviviale.",No Title (Google Maps)
N/A,N/A,Yassine999,,Google Maps,"J'ai vraiment appr√©ci√© le service professionnel, l'amabilit√© et la gentillesse des personnes qui travaillent √† l'h√¥tel et surtout : Miss Marwa, Miss Saossen, Miss Mariem et Miss Wissal.||Grazie a tutti per lo sforzo che fai per soddisfare i tuoi clienti",No Title (Google Maps)
N/A,N/A,Roberto Russo,,Google Maps,"Un h√¥tel plut√¥t sympa, tr√®s proche du centre, le personnel est tr√®s gentil et serviable... pour ceux qui veulent d√©couvrir Tunis c'est parfait.",No Title (Google Maps)
N/A,N/A,Yerulan Ataibekov,,Google Maps,"C'est un v√©ritable h√¥tel d'affaires avec tous les services standards. Parfait pour une nuit, alhamdulillah.",No Title (Google Maps)
N/A,N/A,Mas Moblie,,Google Maps,"C'est un h√¥tel vraiment tr√®s respectable et propre, id√©alement situ√© et proche de tous les sites touristiques. Le personnel de la r√©ception est souriant et toujours souriant.",No Title (Google Maps)
N/A,N/A,Mahda Ahmed,,Google Maps,"Honn√™tement, l'h√¥tel √©tait excellent en termes d'installations, d'accueil et de petit-d√©jeuner, qui √©tait tout √† fait correct. Cependant, il y avait du bruit ; la musique de la discoth√®que √©tait assez forte.",No Title (Google Maps)
N/A,N/A,SALVO PAPPALARDO,,Google Maps,"Tr√®s bel h√¥tel avec garage en dessous, h√¥tel important pour moi puisque je voyage en moto, chambres propres, bon petit d√©jeuner",No Title (Google Maps)
N/A,N/A,ÿ£ŸÅŸÑÿßÿ∑ŸàŸÜ ÿ£ŸÅŸÑÿßÿ∑ŸàŸÜ,,Google Maps,"L'un des meilleurs h√¥tels de la capitale tunisienne en termes de prix, de service et d'hospitalit√©‚Ä¶ et je n'oublierai jamais la patience et la gentillesse de la r√©ceptionniste (Hadeel), son accueil chaleureux et ses excellentes mani√®res.",No Title (Google Maps)
